Date,0,1,2,3,4,5,6,7,8,9,10,11,12,13,14,15,16,17,18,19,20,21,22,23,24,25,26,27,28,29
2022-01-01,26.0,32.0,23.0,11.0,18.0,27.0,13.0,23.0,30.0,29.0,27.0,23.0,17.0,21.0,10.0,40.0,27.0,15.0,45.0,24.0,32.0,42.0,40.0,31.0,20.0,40.0,40.0,30.0,39.0,45.0
2022-01-02,25.16422921634112,32.93420772429206,23.76750758642913,11.413182059635172,18.114691797141056,27.635833202195865,12.620166365435896,22.151558957298494,30.92457691501294,28.686094619208898,27.18601089799613,23.04370985533818,17.947102167912355,21.517218906670852,9.508025392997478,39.200875687099945,27.204449634043883,14.127140285125424,44.84967578963462,24.24267332651571,31.863011806307178,42.299516710302136,40.978050653706966,31.883149917656635,20.91624012396826,39.01196837590714,39.411968375907136,31.050903524534117,37.26092847092355,44.621817330503845
2022-01-03,24.301035040120247,33.159260583989656,24.542705759039436,10.54455800211555,18.98918614627323,26.95461904750858,12.831877149274899,22.314634031399795,30.47302274642076,29.398625315618744,26.8458783861183,23.793407962718895,18.925880472520753,22.20045795157174,10.288740323194954,38.74516673248561,26.74733886171078,13.316135589640815,43.85178307015714,24.59522606076753,32.18612079378205,42.6587435622023,40.11001587926046,31.02449390126799,20.630688051385242,39.69518937889778,40.49518937889778,31.293996663600556,38.60808206181339,45.87389068155789
2022-01-04,24.786593049409152,33.39117323233732,25.155790314191737,11.357126889769132,19.584817699598435,26.241310683131122,12.633969819924804,23.28622906429138,30.598196676160043,28.652404003507243,26.90980440474919,23.8532709646208,19.454375909069434,22.790940017555055,10.286202242772912,39.01685161025421,25.79334769149108,14.190050147394224,44.08845662801805,24.97923309859118,33.17683936738314,42.18809345812029,40.967830381396716,30.798522587956203,19.915371300926275,40.89399666360056,42.093996663600564,30.688368686104003,38.45425144988758,44.17946471646251
2022-01-05,25.35368069008227,33.16537722904369,26.023170079145217,11.415366825399094,19.799339901126242,27.2240578296016,12.925220115059169,22.354024490114526,30.833052548284005,29.47835567290516,27.158577127214787,24.48806701169614,18.71191885621787,23.384525725089713,10.812957206894007,39.06830709446358,26.627360973338657,14.412644611677479,44.094433977781684,25.578559750340474,33.21363352706329,42.01392110750863,40.61070007625354,30.84222494916766,20.57307110417083,40.580611184212316,42.18061118421232,29.99884736426617,37.73306193834774,46.18023965944032
2022-01-06,25.632826545293383,33.14323151004745,26.52896347287437,11.92508153777663,20.2372818656468,27.693983202226555,11.937337642572215,21.810121702164288,31.456099966214495,30.111809487918546,27.272595179166927,24.820717374903197,18.170460206499403,23.513552640257252,11.392232914478178,39.97153368978047,27.463328349210105,15.371238790663106,45.076883561292036,26.488905975908033,34.11790655547039,41.65594372057978,40.61695405150585,31.035421718027116,21.537839082464437,39.285123570370835,41.285123570370835,30.069905121995475,39.464966028492114,44.44886540482196
2022-01-07,26.208310181009974,33.90908986673579,25.76128851215504,11.622732648685428,20.41765109796023,27.987366040118086,12.242145018482407,21.896322792165368,32.03033289720783,30.14774055687586,28.04933080403632,25.467921444409885,18.708677709670866,24.043762245534253,10.702862121053759,40.81446828039687,28.066291747725955,15.590396198828827,45.868288200866864,26.68375924881005,34.556993761967696,41.97728024701861,41.37192708173115,31.169230574690594,22.017239504260296,39.19884736426617,41.59884736426617,31.023954053528787,37.64758701958485,45.767718518342754
2022-01-08,26.305974515509412,34.05246442003297,25.76370560927965,12.599208570046653,20.555762411773053,28.61252541374503,12.619124002995662,21.471161116832672,32.355525751526784,30.18079356521846,27.19857017931558,25.26252413227661,18.738112311181172,24.8139567216086,11.472303653525069,41.055663986354055,28.302156371850575,15.900396733148215,46.01383102438728,26.94933079489389,33.964133239094146,42.30140662851725,41.96615446773253,31.559452109221453,22.140597602345174,40.46771851834276,43.267718518342754,32.14513326455741,39.333319203086305,45.30578743677144
2022-01-09,26.595645371828784,33.437389322849675,26.224047912421472,11.754125095417713,20.288592793445005,28.69478764503973,12.841285591709045,21.336696214708336,32.04286429740761,30.65606066012204,27.184359594490374,25.835042334615313,19.118813896486994,25.630635614826865,11.034578567389262,41.994252576507314,28.334133524376302,16.90337806467479,46.792641905181945,26.97755802568632,33.56197998144614,42.6418809183416,42.06739600072604,30.829661267866925,22.83159499462748,40.94544515492112,44.14544515492112,32.55891572341431,38.68961275616095,45.01219057917077
2022-01-10,26.515026853572273,33.34112108658447,25.40861012231452,12.397474056192934,21.182641186633262,29.11122666726614,12.184903864510394,21.196790550459376,31.84480602951095,30.154010233624994,26.596210112765995,25.070244995087084,19.64975120346725,26.603839797520763,11.17374156724127,42.09108171887843,28.67963992226337,16.15940314597467,46.9983859268255,27.243800393062436,33.546190157580426,42.78409269328255,40.64569907065012,32.77294439646731,22.844550320378914,39.82395405352879,43.42395405352879,32.06234576530778,38.45192638387083,46.19513326455741
2022-01-11,26.532834949247196,34.05399464717153,25.330968920248498,12.9407193976143,22.159236414187337,28.959831561078445,12.410763455512145,22.138301973521877,32.62089682255532,30.62514410583837,27.135048113006853,24.668933451408062,19.51829383929133,27.44763259245952,11.537650657801834,42.079281373143985,28.56460716181903,17.100068329844085,47.298246389012945,27.731895479401246,33.98124567043305,43.277356989527846,40.22569375199645,33.45365721200602,22.675785415340556,39.00024416009885,43.00024416009885,31.316716274964477,39.86231887228768,44.54106717495939
2022-01-12,25.822101044036636,34.77409773827228,24.127747790298326,12.510147840466878,22.792161247893343,28.871277238322897,13.259364256071922,21.181767669765545,32.90149193089908,30.42043566548059,27.94738115886738,25.575649732635473,20.202200282992028,26.773758869766127,11.544334810781333,41.48951922483278,28.368366342181773,17.736607955985615,47.39375482123311,28.459863021065424,34.332274571626996,43.65655790059689,40.58784072605141,34.23817986075555,23.50961441380096,39.867618370794546,44.267618370794544,31.21976630396733,38.10097918668535,46.538026973833745
2022-01-13,26.113049254416985,35.75346886759196,24.931762557189597,13.373263099022056,23.157588527660177,29.817624096186904,14.10681613452942,21.678317489389077,32.64941591409881,30.526187461017106,27.17747601333133,26.31051509647487,20.099959755199883,26.96006876429723,12.067430318737326,40.816948683066606,29.105848443179607,18.662435840492467,46.43566078803747,27.69967162488846,34.635005375263624,43.8714652601795,40.556770212243755,35.11998476655168,23.708769556229,40.95891572341431,45.758915723414304,32.05340709562345,40.01418097052657,44.7731882756932
2022-01-14,26.78535054907589,35.829156032832884,24.19350497791258,14.110893174682701,22.5815483039116,30.14842703106562,13.752849176548693,22.026146435482058,33.06132068896175,30.897943949966077,27.261016450838156,26.981390451007556,20.7731974534994,27.297298122645934,11.501962915790738,39.98018180739454,30.004622086429865,19.42540403434205,46.82496091657276,28.106867965372942,35.171743685721495,44.254248714413635,40.76101868222789,34.79619692148565,24.43708362568971,40.42820991051877,45.62820991051877,33.216087948358265,38.9327086695453,46.1563396468349
2022-01-15,26.938935563736095,35.93144414572211,24.547224048916227,14.506874775612262,23.269847998546243,29.573440439108257,13.842576735066325,21.643333774377776,32.2593936106584,31.557112498971247,27.42181899017075,27.709183064618188,21.473496025442383,26.560073159752825,11.589017168285354,40.92842118881756,29.64668909346575,19.454662818622825,47.540086071146064,27.454810033955614,35.93397535406265,44.21078407268362,41.145593639296735,34.91386971823451,24.669624974202286,39.1731882756932,44.7731882756932,33.793881997012946,39.20218642599573,45.61166134035983
2022-01-16,27.499863584897053,36.60135087688915,25.374964631373157,14.685814667229646,22.68210007893995,30.438235795234327,14.56658141030037,22.288976184260292,31.637149609152733,30.884518415389586,28.119018984599712,27.19369604908897,21.467714050087302,25.62351473007634,10.913653669729321,41.544867046596714,28.742539439144323,18.904932147570044,47.96663200491886,28.35475465401878,36.389499844081016,43.77966434849534,42.05885982250266,35.76354801030098,24.34257406276142,39.31671627496448,45.31671627496448,33.42812818628369,40.199250806478375,45.40332226941521
2022-01-17,27.939235772442057,36.67988936872215,26.171862791053556,15.64359164193793,22.892706512251877,30.83562132487897,13.881617943704601,22.567140344416224,31.053050474603694,30.446780702385297,28.11349409063631,26.756610992364827,22.465584650712504,26.239395566685122,11.166500777340268,40.76252604805613,29.428965365989615,19.827870069008313,48.87233726401593,27.506713682738756,36.68333346336541,42.989457404918696,41.51092203698128,36.31628053506236,24.69142448860086,40.61601671376416,47.01601671376416,32.65592830356201,38.62437068720477,46.514918585256744
2022-01-18,28.254788028996593,36.748772598210834,25.343062574640058,15.864498849958764,22.963389798944167,31.733646497261653,13.940973995302931,22.60238876500986,31.88037307156889,29.99721079917957,28.995041237309906,27.197978305220303,22.753783221328405,26.443347617727376,11.171213144130736,40.78333100028384,29.45727865286633,20.37702376869771,49.80235355365198,28.09285267322945,35.807038179304385,42.07748593940843,42.15823936445679,35.69079987392532,24.936795009860884,40.87332666754174,47.67332666754174,32.400246162451815,40.63799475211945,44.90454502504165
2022-01-19,28.79363160012012,36.464594717359,24.66973703495588,16.772807439513162,22.805783795097756,31.3617353153744,13.703482940867156,22.90533118670514,32.75078258866214,30.297014018736338,29.254839185742163,27.53011059330614,23.25755645803003,27.258512792028345,12.090665438561064,40.475569041347015,29.79106753895675,20.70886746789138,49.105613893496795,28.988342233382216,36.209994739259365,42.372645037965135,42.50025554293648,35.513380887845315,25.3652725573577,39.65340709562345,46.85340709562345,33.09368634790006,39.20153993094214,46.89388199701295
2022-01-20,29.444579427139697,37.140695174230345,23.954281481030606,17.72764125026388,22.298116085616762,31.561369276318928,13.781686957016412,22.53098792355795,32.81601030405784,29.752550703312888,29.45478059331197,26.619337505926584,23.831165394486458,27.390169919039256,12.275976234631516,41.38040716750643,30.705318513753824,21.708277461133314,50.0122225514345,29.05160380718577,37.06525320667706,42.6874037167783,42.910113430823166,35.77299793103575,24.4949420798905,39.0197484164166,46.6197484164166,34.26779844817476,39.96630685835171,45.099128147995586
2022-01-21,30.082823956647456,36.4860132200064,23.782630075328747,18.30974765438703,22.758295353272953,30.81300523704461,13.450086395128618,22.913148617102856,33.75218788092873,29.93773333894257,29.482808620660524,26.744436432662155,24.267218882991664,27.671355782162777,12.433650344782523,40.786694900964314,30.68911795812438,22.605130142930815,49.39842920082339,29.018491783601185,37.42721876594924,43.41656237779658,42.53737197737534,35.64257644291836,24.60041794162305,40.044182448331874,48.044182448331874,34.99780327442197,40.48718767500701,46.54397052336338
2022-01-22,29.497386737896893,36.388333876559535,24.002589166203286,18.95084015043011,23.689042917433024,30.93950365237163,14.182355255381784,23.58765757582227,34.31935282941036,30.36900582000572,29.793162386151497,25.748662677050415,24.05658619572837,27.06712820004541,13.021469898993,41.47484093787445,29.87035331020578,23.446466709446028,49.00203572239315,29.65549152323937,38.22278127227373,43.69951406735365,42.55512133759718,35.782361615346765,24.213778144261546,40.99388199701295,49.39388199701295,34.780537552961626,39.21612252681763,45.91770800847835
2022-01-23,30.477506886061892,36.466589324474256,24.933449820778023,19.653596962003046,24.238249092673325,30.582273881142882,15.060270034585415,22.745297356536813,33.45647905055694,31.284977184268165,29.575689492984043,25.348819939899077,23.855049672658925,26.97090043462973,13.238380547698796,42.239154200300625,29.83559291138697,22.56632499443194,49.738959508078615,29.78250261237787,38.49980395428998,42.865306473247465,42.18884755258058,36.382386018400744,24.31586261599675,40.26243302978096,49.062433029780955,34.01213500938838,41.196085170871726,45.79513195970491
2022-01-24,30.748103842626126,37.40245670666155,24.79979159838557,19.81715140673499,24.420140363858444,31.52292652980354,15.063180742042963,22.092741578394243,33.515766582614006,32.168281963932756,29.38814355240265,26.209022254770467,23.43557306288192,25.99832323219354,13.671978925405547,43.03007683819656,28.93212253674537,22.571383292674877,50.29328470894556,30.43339097365552,38.85618127563619,43.72473442359087,42.98713085263271,36.51981185289689,24.956943934418156,39.08707935367126,48.28707935367126,33.611954430516654,39.51230405835494,46.83330573471404
2022-01-25,31.278985547878168,36.79086007673875,24.795130062396645,20.070697525110692,25.056243405738808,31.789556740689527,15.060562181607388,21.285323469269425,34.192520574444316,33.15226385132579,29.03888313082796,26.681003434595794,24.172273537141784,26.0133298528366,13.132556034413046,43.48865405431053,29.35504286926,23.51236816478155,50.52547174022865,30.534507879817948,39.842165396580064,44.07128705939771,43.17713154025049,36.83047586192928,25.406928474079457,39.455928303562004,49.055928303562006,34.14978086340453,40.72578130553514,45.26987190798429
2022-01-26,31.222793665408062,37.75255422558951,25.403346152451658,20.998349743186463,25.869775478177374,32.23686452102349,15.488775994776056,21.892044696932217,34.329393781144276,33.65904035654453,29.54515629303111,27.380364685073452,24.453290448863424,26.345049026701684,13.07900656193903,44.44442460309741,29.229106677881727,23.853527575115535,49.81175292807911,30.74891595387499,39.258708925671264,44.665238377485245,43.95482899286924,37.29706301499848,25.365887459015454,40.74507295029203,50.74507295029203,35.304896749476,40.740988305285256,47.24779327826843
2022-01-27,31.40797814447293,36.85555044355869,26.137495235903128,21.412342397159385,26.271550671673538,32.35509292093801,15.288915829420883,22.076387802600326,33.70920912625911,33.91730213483488,30.175557252667776,27.61456570947645,25.18949211162091,27.228790798131147,12.716564709699648,44.955893671702135,29.073103102405916,24.74670434241276,49.64360559522356,31.433050703202845,40.15464875820129,44.82697703992828,43.80188313259877,38.08529119040367,25.999132020370674,40.77392886214712,51.17392886214712,36.17055707023305,39.86980584285436,45.42673207628794
2022-01-28,31.889142785164246,36.95857268174742,26.706853747670383,22.35047431415955,26.51097673096515,32.75943786183515,15.5971034762498,22.519448786050138,33.628463938135184,34.17020279172317,30.8280362213786,27.251178035763527,25.992180606940288,28.212290006669758,13.19928083144918,44.989972637524666,29.35779315433137,25.647264999436818,50.62482749055358,30.9792867961555,40.952833083993944,45.59749271198526,43.90104240156604,38.4597645605711,25.00347876343987,39.49368634790006,50.293686347900056,36.11481319131587,41.684381950632506,46.930537552961624
2022-01-29,32.13090959346547,37.72612732055288,26.544322420961556,22.625547988134876,26.144031979305193,32.75714622754762,16.25792598288674,22.634835637816757,34.28922235125538,34.37475817512172,31.14179987769587,27.06943088622445,26.83327675816197,28.47832595499689,13.405187044509436,45.67783705663492,29.603401279523286,24.857816654675077,51.346743491860586,31.822545258359696,41.86590983436628,44.645488072283875,44.568145206324076,38.78521972259158,25.793449679130248,39.069871907984286,50.26987190798429,35.380457104357355,39.87826042012068,46.22401340096342
2022-01-30,32.64983004165661,37.810578785907566,26.647863654331648,21.966876323909943,26.89458327031652,33.48479242219904,16.257429995118798,23.064932511003104,34.23404861196214,35.36429887446862,32.00279400672786,26.576560283596038,27.16154440438063,27.983829443511386,13.896552992828122,46.190184929254634,29.60926494392316,25.091164397752753,51.58776616741084,32.23840340620096,41.4680519878816,44.379907603179404,44.44161350759157,38.6422378619833,25.90497151940892,40.21936643855075,51.81936643855075,34.854525387544534,41.46242892676674,46.18753788253822
2022-01-31,32.14949465299549,38.21090281116342,26.027747911964852,22.1610773026814,26.838870060340845,33.20178383093794,16.665126039398796,22.35756175441975,33.68494701945638,35.56763602601777,31.654677995255383,25.833658044587647,27.09151528046676,28.109165969085538,14.429884693247434,46.53826074069001,30.535987541584053,25.889505323308917,52.363215680159094,31.550222818825397,42.371809126987124,44.47366653069444,44.1126612012448,38.79159949127745,25.912518796067992,40.99780327442197,52.99780327442197,35.22618568805909,40.977903380721315,47.15035653840063
2022-02-01,32.412925661592304,39.045683980124004,26.757590293403773,21.541478694276496,27.644968260983205,33.542402233022386,17.376590049568666,21.56963389558671,34.48559991415816,35.90884480561166,32.40983525837944,26.235450165144186,26.969307135735985,27.56831844596067,15.306449781458127,47.04041980967329,31.228891972418744,26.155190102320017,52.78525396382198,31.526089620341907,43.324215852862444,44.564733327582616,45.02702230338871,38.18561178946531,26.004205259129257,40.088458765013584,52.48845876501358,36.332471265806625,40.57465236148443,45.637017848895894
2022-02-02,32.17761956910654,39.39586148380133,27.691975772638948,22.326074437106108,28.36282341280616,33.07340146504149,16.484313948231627,22.19111488931684,34.66006419643941,36.62285021771041,33.281286769556225,26.572912078426214,26.26125318794651,27.279116282817935,15.77942092392134,46.53615164881026,31.409124191915176,26.57163739500475,52.94449483672153,32.264290870749925,43.27816932357494,43.72752416639463,45.97552376672935,38.65669766748978,26.496610739486325,39.02948651109525,51.82948651109525,37.31299444957038,42.10370511197062,47.59975316828028
2022-02-03,32.81384906468722,40.29307886837814,28.45962159860243,21.934634435418516,28.907708975575847,33.671690346384544,16.226357217286342,22.85748865880351,35.41566161801919,37.439915327353184,33.72851972668881,27.187110250395904,26.089062909660765,27.74769234277364,15.267105210862375,47.27201077145953,32.26242937467185,26.04224964103493,52.36466753412356,33.047013508030176,44.173267679247274,42.771670628149145,45.46179821320054,39.11770559183243,25.622334965824795,39.61213500938838,52.812135009388385,37.4267608542491,40.30880117824479,45.75604386072325
2022-02-04,32.452658542201064,39.925596635117856,27.60454113065937,21.231433362586877,29.021012490203113,32.93822366580238,16.631921493403993,23.013732013135947,35.60778323811194,37.780613646055556,34.09172860626751,26.73992244520251,26.550436092617467,28.68321111242794,15.827836111037236,47.37508975268097,32.33856484087879,26.507088803588918,52.56931201994686,33.39612968598555,44.83418342269151,42.10136081535429,44.78038493689919,39.168871049180645,26.3396597204395,40.8508560145798,54.4508560145798,36.75563686289118,42.15966831000722,47.31596922123591
2022-02-05,32.972974485621265,40.47648616180175,27.70216157763025,21.176457713531292,29.1031299584171,33.15556506993705,16.90232586385705,22.378157150031345,34.85039409072924,38.0785220255108,33.931619904416266,26.650121276622112,26.308306525132398,28.910153100306214,15.311747494096494,47.05264203498425,31.82472199898561,25.77259939088052,52.455866536049875,34.23874204283473,44.07753865331043,42.85967345574459,44.00069102614295,39.64296560573216,27.145091127113822,40.65035653840063,54.65035653840063,36.1266292829185,41.21636672081783,46.530662971662395
2022-02-06,32.492850593623864,39.52095378993096,27.941354104275156,21.249268475099125,28.643261650125122,33.18854211243978,17.8298288802709,22.025823072583897,35.73487434063179,39.052730288648554,34.043816305372815,27.50653966214502,26.719264144768008,29.882121277723563,15.486768609989616,46.77267748946371,32.20537868638959,24.868092894210506,52.457089166406185,33.50419875302409,44.4956489192015,41.87931167632526,44.680808206152655,39.24535540939391,26.707163680009707,39.34978086340453,53.74978086340454,36.326761452963986,41.31630890851348,46.58045710435735
2022-02-07,32.63189123645435,40.14259081356102,28.695098174788537,21.0556018913993,28.676750355511242,33.64116539781103,18.127907284330437,22.653585966246613,35.86437685574976,39.14695607466499,34.72724821820009,27.770143863483774,27.042360460091796,30.421930851909405,16.225787645994163,47.05454713425969,31.280392411851725,25.818371782598255,52.77201159746507,33.37008220087138,43.98109908465834,42.45336511924291,45.27059833757693,38.95741976207779,25.94008448876134,39.14904897247037,53.949048972470365,37.355907896598964,42.459707515020106,47.466135435288564
2022-02-08,33.032709632360294,39.68925107935399,29.139624157642434,21.212816667963146,28.785902418270332,34.62801069118253,17.777178881790093,22.182935308674285,35.60085375498137,39.51114917276352,33.81169668863036,27.518120671854955,27.30932767935054,29.77448264467352,16.3262871202524,47.15356000310345,30.668438842678867,26.27899706867917,53.430185004105034,34.142232320121586,44.74990689893758,41.894061883070314,45.043356449826724,39.16353588238607,26.4553371661402,40.387698277035916,55.58769827703592,38.426913444136446,40.808793198928946,46.00594931534077
2022-02-09,32.748873689869654,39.77319295097499,29.66191747588933,22.05716685873188,28.53917910634947,34.3623908102192,18.02512407818331,23.115863189582612,36.584258801030515,39.56991259485165,34.270854378977,28.40414950374855,27.940248474017775,30.31466306116732,16.6782709441183,47.62964273328183,30.968639911963294,26.977352731188006,53.690820736081,34.94133944903784,45.266418463269844,42.85673445055924,44.34184364219544,39.07308044452808,25.463162728871506,40.97055707023305,56.57055707023305,38.71288373350878,42.80367929739123,47.94975783407798
2022-02-10,32.20750553682871,40.69415869985571,30.49841131117902,21.789289907506554,28.843221495960837,34.83394724182601,17.888624356716548,24.04092752116313,37.21572038089692,40.40530569636324,34.77676378432515,27.42097307294907,27.186651331292207,30.744181837517136,17.320491142755575,46.65716299177656,30.67592066834775,26.465101956041035,52.87129109000507,35.05831051347164,44.63218781328198,42.52343731296617,44.66082606654159,39.84227361089627,25.465976195194298,39.911721393528275,55.911721393528275,38.13220235275594,41.474703661357466,46.08710396138836
2022-02-11,31.670914846852092,40.31599856470209,30.524301297428075,22.40393201174259,29.435370768845626,33.851414981488006,18.153380712356967,24.90543961344415,36.59892708347803,40.31963044380078,34.93710698410824,27.848883385523433,27.077768383307763,31.46447107535718,16.927451708306837,47.24018386023196,31.59601108090223,27.434432589420016,51.990367591244066,35.50872562030656,44.711064131190575,42.576846931788694,45.646355253256985,39.782100896415024,26.25647020130709,39.002208723682315,55.40220872368232,37.42601387224348,42.07784310677488,47.70019623422653
2022-02-12,32.54928610234699,39.88056886189557,31.321870330803705,22.356860898813014,30.024349330498374,34.18209306184282,18.721069225005408,24.009950097794583,36.676339088149454,39.821783578857584,34.78706407353573,28.130809687729677,27.928240163818906,30.64300859942453,16.55020846039636,47.509772147325435,30.624219662048652,27.38389571756021,52.100644780620904,34.65930388655194,45.28070843237565,42.69842411396139,44.75957209571915,39.99446709257027,26.854532262643747,39.78045710435735,56.58045710435735,37.454613783343284,42.76247877519851,46.8377415013109
2022-02-13,33.02382837063828,40.40346643986962,30.626265213755666,22.43760216662649,30.902975582011774,35.14251018575413,18.171066700602367,23.01813464254025,35.7226723992352,40.41981093093243,35.654894786975156,28.140383570642673,27.908579649909225,31.167636301544537,16.991378733435486,48.02870752240147,30.16086387511561,28.117557779774895,52.331615085541564,33.75195964606365,45.99225146265712,42.70910763461122,44.065098727212394,39.14752879919873,27.13329751385512,40.93006165638689,58.13006165638689,38.38072179268657,41.37823704126739,46.97380568774214
2022-02-14,32.33153589911985,41.283829188330905,31.041253594804243,22.36479293349484,30.324598842943498,35.862816918497415,17.651502981782055,23.66086667882744,36.23444564721454,40.57217647519059,35.58053445281055,28.26381769967471,26.930083809285257,30.187703821265803,16.687956555918266,48.489129870646195,29.53597028760161,28.763785253406954,53.31327053622593,33.85074998442356,46.11683595725907,41.98419040884315,44.065260753197805,39.26960482564352,26.32852463661129,40.5064696136077,58.1064696136077,39.51500288871616,43.38437133526109,47.780709351826864
2022-02-15,31.38206014604445,42.18569175199091,31.615032826580162,22.90545500676212,30.334400978993916,36.21072839186027,17.92438773127751,23.77717514810859,36.808223074608286,40.572728213154384,35.47333013109914,28.554530671674225,27.1668059487389,30.552847344109164,17.644235943889598,49.35100994210348,29.055813837529257,29.06185519122838,54.25696110959852,33.86807557008373,47.08745262227744,42.94740388861561,44.51964668425761,38.574910221173425,26.962415463094715,39.22618568805909,57.22618568805909,39.97049168633502,41.769847035819495,46.3766292829185
2022-02-16,31.92195744796195,41.765817004703116,32.15893294131533,23.353934087503802,29.95026500218179,36.2848936014685,17.064646517068375,23.322815961406828,35.82126106992,39.935425173801804,35.68591581148914,29.07620283425866,27.348561357387823,30.632927939988537,17.89841145437806,48.942775329139764,29.421903796976373,29.9447327784069,53.497300999070625,33.943347057598096,46.27979069522862,42.71186330078739,44.62212181222409,38.78657863885003,26.678925810747167,39.254806427271006,57.65480642727101,39.50463835687701,42.84092979296819,48.297807266536594
2022-02-17,32.35716410904331,41.22988468945894,31.89277752205867,24.2675934974115,30.552106247385705,35.336636216835494,16.47569800235,23.403310648345503,36.306020495252405,38.94087701167809,34.79921034131875,29.550900524922522,28.126797473385167,31.46722244568617,17.746824697216468,48.61661645231874,30.320585315832858,30.292833336548178,52.94546022344262,34.00302610682458,46.237389455295535,43.319753686557455,44.683639323438925,39.08550586336965,25.98612633100404,40.543919933860195,59.34391993386019,38.74957476867457,43.025838304608726,46.41994941917593
2022-02-18,32.8956626154078,41.63028539666336,32.02619794041703,24.027213511901117,30.636963394789994,34.620679784689884,16.8220095815959,24.217384123642745,36.62638114603525,39.38853803517296,35.01935375928564,30.077443090650405,28.550099559490107,32.257363256700586,17.836587463112476,48.11278959790796,30.489783066343172,31.208460331716793,53.075641737101265,34.25058846518484,45.91650983671504,43.43207199541428,44.5094465843115,39.342609472369055,25.746880637610506,40.912994449570384,60.11299444957039,38.61199629092878,42.01226691807237,48.08315165392649
2022-02-19,33.12065926852025,42.06526405257315,31.435692345211777,23.669779753866962,30.83003882187585,34.83837092323955,17.132168026833497,24.593095658991384,36.96716400571004,40.25729527766724,34.99081639132675,30.953495631963417,29.45022563316568,32.51529870130992,17.409713003544624,47.75551877251231,30.585439169335537,30.983514853221926,53.614517996719705,34.381773186805674,46.285187935443155,42.910265775784445,44.17191930519051,39.46870192768815,25.894195959456802,39.7377415013109,59.3377415013109,39.41238508450825,43.89609049850552,47.14533293172659
2022-02-20,32.4863673501096,42.577573710257525,31.659517056342775,22.869522663665393,31.280522418417785,35.27674657663675,16.293383921343597,25.426089249117965,36.996877220697144,40.653714304107936,34.00780159489101,30.893105910505824,30.135214233450284,33.00039722134255,16.83923870549034,48.01869731613007,30.512357773534244,31.254131012728443,53.88341765058955,34.8600624442284,45.675563751506274,43.789498171191916,44.343578119796895,40.29539728277837,26.238495392240612,39.006098043093345,59.006098043093345,40.580758432468144,42.11615072656852,47.367498855567035
2022-02-21,32.966075579499396,41.59707461590143,31.571786059818855,22.608826082642747,31.827769523301264,34.5057532037176,16.41913371514012,25.736072515272753,37.365403898287596,40.48632199883161,34.383473198695434,31.24423977861413,31.111815920643977,33.14654333625124,16.27556049995666,48.837240715750134,31.219514686743743,32.211861540491974,54.56591247667519,33.889850617012804,45.74377210098264,44.40481738477206,44.645299121287216,41.218912213064065,27.10234643944908,39.95563686289118,60.35563686289119,41.19778526502541,43.58713502415701,48.094147571052964
2022-02-22,32.32748992041292,42.33855309221269,31.988438964266955,22.049207818466193,31.75926294328183,34.982040773376184,17.364566367837146,26.020721389301897,37.99063219780453,40.845484513469614,34.38993334950522,31.531148186546496,31.115679401031258,32.98214331754711,17.262146660505923,48.44893560874037,32.03819495977817,33.18170541027107,54.87288550349395,33.18024037438238,46.51779547064566,43.691850423087104,45.6041896464242,41.68744130574065,27.886256306909154,40.98021580046546,61.780215800465456,40.867558647204206,43.26636701425926,46.74901730767289
2022-02-23,32.19859558977475,41.521956066784696,31.064194916328088,21.457020541382768,30.90201317017009,34.57126454011754,16.53642018508721,26.30031022088191,38.59449974679103,41.28008311727361,35.07241064076674,30.70953837973386,31.98222492089581,33.240278646559595,17.27208236506582,49.127598703233815,32.874749632664106,34.099884783611365,55.51836852556277,33.077282585708645,46.56711912434626,43.19069495930132,45.14677208820266,41.02143022317876,28.86169250866906,40.34676255395785,61.546762553957855,40.093452411851075,42.70149163157349,48.64390528039463
2022-02-24,31.31138515482592,41.88698858693945,31.6177534761641,22.4309593790861,30.889284937311547,34.769481635752825,17.241437787976114,26.64610793564235,37.93248584939881,41.709994874970356,35.326212980530954,31.256760922795866,32.02490857863975,33.98697936924764,17.776873955331173,49.35136852420147,33.03497637106558,34.316709499685736,54.56081940479219,33.152015996703135,45.663953907668684,44.123417686390226,45.18630174733494,40.57731209241676,29.65242841177521,39.12676145296398,60.726761452963984,39.80024017992135,44.33801564946211,46.75461378334329
2022-02-25,31.840431277158036,42.104270681420566,32.007664361559094,21.642297012272486,31.092592532567167,35.500263821067634,17.476217331243152,26.143869404240135,37.524851940954385,40.98140445064194,35.41577030126035,31.683804460882325,32.09518467848088,33.07504969620645,18.253970010228578,48.80372606216879,33.49110515301078,33.32899395698917,54.75874704420055,32.97786404004534,46.9775541305358,44.846261064172445,45.19219903525064,40.991365449772424,30.18481442111228,39.383840822086086,61.383840822086086,40.45615595410139,42.52438391784288,48.46477102919262
2022-02-26,31.841068531041934,42.798111335842705,32.88149702385309,21.84010457971608,31.672483542247804,36.12100419764242,18.144310509504816,27.001942962852617,37.41697677595011,41.07456298504427,36.292304091569285,31.09640045534625,31.59112664746538,33.79658997046577,17.287563621855448,47.99422874942802,33.821678553614746,33.711009493515164,55.465161628292364,33.41631171966392,47.7701117541309,45.26776378747401,45.70971943932372,40.431100271520734,30.340580693049542,40.683151653926494,63.0831516539265,41.62837334848237,44.299207706232195,47.45352020164351
2022-02-27,32.02646035496499,42.504440693617205,32.229965909224624,22.80460863850917,31.823917116722313,36.771282121319395,18.962734538976036,26.839030333919396,37.5616072459132,41.6031656418055,36.328693220327104,31.863619253948062,32.2094007777171,34.317456438715375,16.749233732700446,48.27286748013254,33.39992237691578,34.35979845155266,55.315300973728405,33.51418534145311,48.02583427666162,45.59989758000881,46.113216062381966,39.98753504827329,31.323785423710582,40.826913444136444,63.62691344413644,42.39391192466114,43.50224552373655,47.76145115680026
2022-02-28,33.01816690840479,42.21950619622928,31.953034131511505,23.734252971316476,32.45552416216001,37.42174600359484,18.02403203606272,27.391966280882677,38.47244798247703,40.95247493576103,36.96539651641233,32.19762577218942,32.09982237760043,35.17618340603108,16.2684331446669,48.49915148937994,33.70608705817953,35.2524415943001,54.844536657536516,33.60470011180933,47.068494350047594,46.54960404310136,46.747914213392534,39.882135457342216,31.980312036577793,39.57195354145267,62.771953541452675,42.21587422946293,43.43265259532798,48.40652159709544
2022-03-01,33.42140002274075,41.26155784117215,31.563346419582302,24.32472117318842,32.94119492194014,37.81467795404716,17.25278575993997,27.523587319664305,38.833793307421814,41.636651549007084,36.125254393183575,32.17367064018135,33.08843558800908,35.365038575590624,16.857079889488165,48.83938777756561,33.14605089960763,35.439359903666066,55.750375320447525,34.28608491293483,47.37017534955783,46.61423232490855,46.902853030696406,39.36441014040137,32.84398083010952,39.041032982163216,62.64103298216322,41.45315262550496,44.71421597334428,47.123069605188434
2022-03-02,34.14963655973025,41.791830065865476,32.455437442155905,24.380237474254454,32.58841743501713,38.489987219116905,16.805171865930003,28.27839080800516,39.02392045220577,40.960062938791594,36.49027816850775,32.09144064301866,34.084342946918355,35.872500655587146,16.49468444424438,48.70886545183974,32.38471340611468,34.67833168558224,55.87775921323371,34.21758378871091,47.69499137817522,47.49248763237687,47.75996924670797,38.967976319571314,32.25022664894422,40.13220235275594,64.13220235275594,41.01971266536519,43.0009765211671,48.98805950679346
2022-03-03,34.692652245286126,42.68453779093715,32.90471641566068,24.991436435607806,33.56371337698515,38.6650890407384,15.948000361251612,29.002516753385535,39.17430236348427,41.53710367964632,37.388258020262455,32.30402576223037,33.145308361841266,36.52611567374725,16.838657163643433,49.61890402867196,32.89418190940168,35.50061231155712,56.355586329556125,34.63262946645865,47.482106753254286,47.90987150656147,47.72857731808863,38.55309203268898,33.07877923121044,40.99975182701909,65.3997518270191,41.51691439000866,44.962288342590924,47.09112704589994
2022-03-04,35.660450702739396,43.31540965489351,33.603614027810686,25.777281858854035,34.428727306259184,38.68186845030839,15.944758138518639,29.627514271276553,39.23287680720614,40.734693250047165,37.076507702894745,32.75732684182316,33.159843883065896,36.251138382022795,17.280085182951563,50.20802279288219,33.39520351349805,35.620304584770494,56.653463091257606,35.30662879823176,48.023746668748146,48.80833751296517,47.14206901049228,39.048691709356774,33.82857321877678,40.17622398493498,64.97622398493498,42.66260755228796,43.75198028258778,48.84499252179312
2022-03-05,35.91951086170228,43.37007059186811,32.98822467562817,26.039977542942918,35.07891390637374,39.09654788214189,16.48068075164392,30.591822064684173,38.89345181553403,41.05185345229122,36.15195161604703,33.63366261307101,32.61320242101583,36.746993113790644,18.201855686865752,50.806705270277135,33.578143796520415,36.43259094227492,56.87408201022719,34.7983653516128,47.8545813407781,49.61511607334279,47.41258051442432,38.16935802219756,34.727106773125456,39.054613783343285,64.25461378334329,43.55899265328428,44.18955283610002,47.76238508450825
2022-03-06,36.742062352953646,44.026158148997226,33.039527321413864,25.662530002476498,35.82796186140646,39.54064192463631,16.825954695793417,29.68539078373369,38.305858075787405,40.12706628216439,36.39333008879207,33.8283401023709,33.10441241253384,37.2996666234547,18.050900680803977,50.12419022080483,32.94536396692576,37.13672902806139,56.743931341872134,35.64390222063889,48.47283273051256,50.357279348206156,46.976622387866804,39.027210483985144,35.50372769689348,39.53212162581895,65.13212162581895,43.544952303481814,45.03336585880364,48.155576633621074
2022-03-07,36.04632553496485,44.60293055245726,33.799873048095805,24.733113788472945,35.07315775438647,40.38844692058065,17.274666696662067,30.269147305087927,38.13515432626339,39.80163385008098,37.01820778234109,34.4095183513343,33.35002906056712,37.8371693751017,18.24044156648913,50.28800639514328,32.99710496688123,37.22435064544493,56.411149112447916,35.31549721393166,48.06510813817855,49.473120060941426,47.61499922793695,39.49317962581965,36.06751148310314,40.80104438147977,66.80104438147977,42.82368699799456,43.54756864467759,48.71790501533287
2022-03-08,35.16914958487449,44.24508846177114,33.851727092087145,24.248967112974707,36.05084756304186,40.515368575320146,17.571901940493262,31.13403194411559,38.22936562127091,40.45309990194266,37.43405809485969,33.92239894313358,33.58001185169155,38.10369624724262,19.149664196083407,49.8273403275723,33.31579904675824,36.82955998110259,57.27949431311646,34.67103699663667,47.29871284260363,49.963843475287675,48.50225206171985,40.44961752321178,35.91436831917458,40.715002888716164,67.11500288871616,42.26980550278233,45.56495020849782,47.498739136219854
2022-03-09,35.82716736494469,43.65564836042394,34.22706857667127,24.84209763826706,36.40036004966919,40.54414971535382,18.076977646791363,31.95097369947359,38.17615673240025,40.378114542133524,36.852539072805676,34.548316613742806,33.48502454946034,38.722548716605296,19.5703079362545,50.05411203210537,34.16388520515156,36.59864409043174,57.444540341386954,35.27545667287777,47.84647046825261,50.26535965056681,48.55065792517395,40.34374558507335,36.37626922877197,39.41953608303679,66.21953608303679,42.59900975547406,44.033106861468596,49.330281378353135
2022-03-10,35.03523494356754,43.80121877884936,35.10127694574148,24.907687727666616,36.92193860691566,40.88361934933824,18.024330497307723,31.06201420105409,38.787058136380175,40.52066836363823,36.91954139966467,35.09698716197377,34.293263304474436,38.906797386164776,20.343968948921415,49.43762804507078,34.778193974847575,36.45112269735087,57.966478600788236,36.23689245482533,47.80093811169654,49.77274931086994,48.750617082504476,40.87968331733358,36.74753634536823,39.10592230968584,66.30592230968584,43.68863892066173,44.95419188245846,47.429515582951964
2022-03-11,35.6430854755477,43.066499356313884,35.373907024006314,25.29588470656162,36.16008980281494,41.140167754168566,18.161591582513104,32.04964974435351,39.34161351136778,41.21620839419572,37.0838679152862,34.09760007831784,33.98206370534329,38.23824952474011,20.708719070229886,48.881507044382076,34.9713844823163,36.80513550689148,58.35976124900226,36.995867374080795,48.63998544067396,50.167245338465015,48.643766418247765,41.82079345785233,36.03119534254171,40.30463835687701,67.904638356877,44.69411819270329,45.3081371013602,49.22375702734503
2022-03-12,35.680468606696316,43.913676166300135,36.344131828279465,24.679972407670107,36.22719366462655,41.86393933001347,18.4955864211954,32.378655786051034,39.41585569223517,41.924866016637225,37.82187117329246,35.03860257035859,33.77178864061453,38.789216777507214,21.70022879033265,48.98468768011882,35.78961300758683,36.51129918893567,57.63093434852594,37.31282765281853,48.97826164627946,50.654515439549755,49.22953347631099,40.934791945771,36.736123773306815,40.98805950679346,68.98805950679346,44.85076097379629,44.16089567411926,48.07200802855508
2022-03-13,34.870014505894204,43.37591597895224,36.69288035038417,25.667290517036783,36.42263353527974,42.18495840272148,18.615333026514236,32.724615751114456,38.920006675937145,42.600193475774184,38.16227212495913,35.760346671618194,34.45922176732002,38.60864407461709,22.12884303405941,49.781267553987426,36.01678901242602,35.52620116486735,57.78621580730693,38.12889662676293,49.8831529873512,51.439882553407934,49.350557113889074,40.43936111020717,36.948429830889715,40.0001808661192,68.4001808661192,44.19972870082305,46.09999999818264,48.54978898952802
2022-03-14,35.198733252056805,43.420677465887685,36.9967241022913,26.149410320440104,35.89992936831784,42.222679771874695,19.119221777822833,33.23959453186278,38.84263181560018,43.05835853764732,37.300116102269556,35.96072692177562,35.15102377326199,39.256276040858346,22.265888349250865,50.402447173728596,36.54794671684683,36.103887712824594,58.494931069338975,38.915239154878186,50.34107792096014,52.14632317047336,49.08679177543492,39.72273200063177,36.84819052466163,39.01199629092878,67.81199629092878,43.54895398735731,44.360961270777636,49.02837334848237
2022-03-15,34.23473960499346,43.62064195169621,37.905131623654725,26.632317987635922,36.4235933883785,42.623639315753096,20.057686566228085,34.117542601966356,39.73005011789062,43.7753394083669,38.156382101842645,35.82265293530578,34.798342390817716,40.18738514434494,22.854548637323806,50.44981346774347,37.130163177770235,37.06711051217358,59.21238985764788,39.80976024567101,51.00181485733341,52.89270972858031,49.68661831542846,39.82378613065412,36.40786665333722,39.695017124643705,68.89501712464372,43.706124931303236,45.70802702078331,47.87597569868706
2022-03-16,34.65800920858857,44.15319981875309,38.67669255814005,25.80524266573457,36.594579785629925,43.49608483870006,20.10228273218275,34.83841120574021,38.965943294998276,42.79343035476252,37.178278499312334,36.647522066940326,34.953152114395174,39.47066125444995,23.045352497206903,51.1394040406815,37.807194125967236,37.97582168404091,60.016097829757804,40.23252356253508,50.15686440645575,53.15190840130695,50.27824075141242,39.35816087745302,37.1441308632158,40.893915607642036,70.49391560764204,44.71190155495795,45.55431101675604,49.67058610681345
2022-03-17,35.62992131377802,45.144132869561375,39.03763933525179,26.447786395251306,36.644269888615234,43.967072087126226,19.196486184157695,33.84733706052342,39.11170768337369,43.56041917482207,36.66680125483856,36.27576862223032,34.849979869763025,39.97814525592486,22.09509515361452,51.87114690923661,37.97233023600759,37.15596375992416,60.49101483051277,41.04450242291167,50.02380911650496,53.14573691730035,50.75139779096169,40.05985209603572,37.82408386829198,40.580758432468144,70.58075843246814,45.801314967974285,44.833017017651024,47.769802103118096
2022-03-18,36.345920905771436,45.60030798329798,38.40336007356581,25.582852901537475,37.60818212692146,44.07967457043066,18.501735607143935,34.2917425408615,39.1547968532986,43.685394875097614,37.26266320262291,36.337429034646505,35.032430629633375,39.09745878186059,21.893907020108138,51.90420604244945,38.550350256259875,37.5592539594745,59.688364905095646,41.136233667083886,50.178561573411564,53.96984034294573,51.25494376931437,40.233049108115395,38.10750557510798,39.28525005284327,69.68525005284327,46.12999519033338,46.564981844979016,49.601008290905085
2022-03-19,36.931828905930324,44.73412128355002,38.49830520657931,26.11158379967662,38.05005230908082,44.82753440058999,19.23605615442476,34.51318332202743,38.18029065317228,43.71201637627947,36.96495672441237,36.54795239291565,34.53054029767692,39.036862160184896,22.762387479082538,52.88480677043053,38.83270340175274,38.12176550789588,60.6800400575891,41.14270128719826,50.37460743492376,54.233274490537134,50.65799590081992,41.17582721175267,38.519115479209795,39.19873913621986,69.99873913621985,45.575778877979424,44.74760539795386,48.382467999472716
2022-03-20,37.14423270788286,45.016991047249896,39.080727449616944,25.70083923180177,38.49545526428166,44.83358801217298,19.752603141177417,34.73018443120925,39.00864826014019,43.111706329762626,37.49953824187982,37.4015472488871,35.28334075461375,39.96626542398226,22.18598073990058,53.725097101981625,38.38307869744938,38.35345597866292,61.45959409699169,41.85405777433721,51.36586922796764,53.28159984924042,50.190186974727915,40.26354668228052,37.97732629330898,40.46755864720421,71.6675586472042,44.85468582921122,46.43327254506701,48.94400175810961
2022-03-21,37.11662997440513,45.823118015218654,39.03799477890516,25.78647056969334,38.66935615659934,44.138329786056666,19.921432579219083,34.50045192274336,38.841366456931475,43.92786860511768,38.11126360396847,37.77821982871112,36.05450004288446,40.74780864441446,21.357862125787214,54.319521494553584,39.273087181792356,39.2735957307759,60.84693217361851,42.4419961392748,51.41059309786218,53.5400783588932,50.62493128256439,40.85343527960816,38.17707235759263,40.94550406225759,72.54550406225759,44.84116127703497,45.789672676623105,49.33800390889934
2022-03-22,36.28368162250521,46.784784848684986,39.045982134516315,26.7363791098389,38.85976649753591,44.35729450232553,20.035421192606986,33.77389824576587,39.783293101644894,43.08312720877352,38.830675517754024,38.36384669717706,35.627845621716055,41.70218594770841,20.56289251869752,54.83702150188358,39.37594162325945,39.3555572893032,60.788341081430666,43.02963292148944,52.22146594430813,54.35514739487544,50.67116258669451,40.44791405442388,37.490500912515195,39.824132097751466,71.82413209775146,45.7379160409819,45.55187248678251,48.25472602585566
2022-03-23,36.879152187708776,45.88847724852415,39.18967906034274,27.022634031285627,39.0545416979438,45.126741961188166,20.72417440477387,34.013401700904225,39.717047357475174,43.922338200963026,37.844895405583685,38.678647629291056,36.253512283818395,41.83856346662399,21.11516032000493,54.150671551062246,39.767170830893384,39.36364601811274,61.37651754640857,42.707160954373414,52.8046253615939,55.03758602314037,50.68393000368945,41.299706550705004,38.44030767903476,39.000240179921356,71.40024017992137,46.88348178978781,46.96234939885015,50.008992653284274
2022-03-24,36.6878427624571,45.97379863526654,40.052206950580974,27.848983748382807,39.1128977114589,45.83054452140949,21.267111936573926,33.45756784813654,39.09663899171776,43.12963671921042,38.14467004590806,39.39234805908531,36.33089196431417,42.37240356216114,21.61771281244492,54.0757773798345,40.33103519863535,38.704110387797584,61.4051922374789,42.133582813482356,53.687991226041234,55.93268883767976,51.14201822226034,41.972026104291245,39.06233757322057,39.867439098675575,72.66743909867559,47.38017998528216,45.20098185583478,48.11200560311829
2022-03-25,36.88566013116071,46.702923508457914,40.53481250154672,27.812199154294294,39.356191140671775,46.02707902204817,22.08758118655689,33.76464275923379,39.6095131392185,43.514434462773245,38.31994741484243,39.09554635195663,36.56846775640045,43.31994771099013,22.56304008484488,54.65154737459714,40.73759117411948,38.713350887953155,60.95740698453837,42.89052202066134,54.289810165560304,56.19908762997067,51.99557313721045,42.09914160695022,39.37966979687543,40.958864397623245,74.15886439762325,46.94633840874771,47.11414596474951,49.976693016987895
2022-03-26,37.41333105586483,46.81071656051439,41.43947450076262,28.076925702360125,38.67026204734435,45.91215078447688,21.90629168488736,34.55577661496493,40.31187534139274,44.31370571351654,37.62732287330669,39.13810607793719,36.945718946718465,43.77164614282629,21.64222887878011,53.937906795516064,41.3864039777419,38.67925283198206,61.72644401995238,43.44241790827962,53.46499327810786,57.02033394891492,52.232952142348935,42.20123548935371,39.29863932017203,40.42837334848237,74.02837334848236,46.183698378092465,46.03276474509763,48.69384232597063
2022-03-27,37.82132695775064,47.79496776269375,41.01748435517672,27.315690097241852,38.604848985617835,44.953725768037366,21.121149812041374,34.75059387684121,41.2206969723088,45.17017390045989,38.1430370629781,38.5758296587482,36.76065737413124,44.27055064024572,22.484266613951792,54.70971603883517,41.465318016201635,37.70875894335342,62.07532396210724,43.68978591662852,53.933839123843285,57.83631820110284,51.265541579383054,42.38581788959191,39.234100308408685,39.173290022569965,73.17329002256996,46.006148003788184,46.30212732897392,49.33812847214729
2022-03-28,38.33780780824313,48.11727650925369,41.44978350268735,26.86418655353978,38.11141717246766,45.694889332843694,21.643697017081447,35.1455281404459,41.78241838895247,44.42701332393708,38.64497908809722,38.81571746541177,36.90770697984055,43.810104916390294,22.72667324130085,55.70027175063362,41.68641320928693,38.103029798316044,62.548090597874776,44.103846335323546,54.215370858310145,58.50512796620383,51.9916918412571,42.887704977315124,38.94821061131978,39.316584226207404,73.7165842262074,46.7721170074266,47.29929390418297,49.646875647377115
2022-03-29,37.44802191259717,48.80096349198603,42.15885305604135,27.510666242428805,38.57912173093565,45.202227220041564,21.584653834689412,35.89026797333328,41.57662157667348,44.406256193515574,39.31851486309084,38.2856664220357,36.06771002784058,44.484114605359345,22.864789333532023,54.9052089928833,42.181397864877844,38.780750702033544,62.73473429001302,44.424679838356674,54.84607140701486,59.00009832482687,52.828160715973354,43.71506470089186,38.39317035137367,40.61587422946293,75.41587422946294,47.944299306931946,45.7243574601128,48.63493389051117
2022-03-30,38.402735124613315,48.89588080439408,42.90854114133099,27.64267433717383,37.87127343781135,44.72440168906367,21.269693556087752,36.749387713465204,41.74493187088612,44.70480306791704,38.832389516537475,37.987507511838565,35.9136444071328,44.708159238370335,23.795797546716354,55.479745306690525,43.05521258849255,39.60116903380046,63.06794258652488,44.94636435172208,54.80903917982486,59.410366322063716,53.53695692549156,44.60341678238374,39.11407854932099,40.87341475947871,76.07341475947871,48.5997477814326,47.737973851367414,50.345523691163216
2022-03-31,39.26800642724751,48.60512320763424,42.92859116998255,28.408127866226312,38.37819718917293,43.94437682069438,21.92307529695951,36.77241473981365,42.073464016406874,45.16548876032089,39.50914864697275,38.65589919816816,36.5920644205949,44.85552799709041,24.265721295453098,55.58929304075378,42.08538379419731,39.88779793412632,62.62000039690837,45.25821689359072,55.373061252507,60.90653331546655,54.527456353866754,45.311826780067875,39.923760519158286,39.653576756542684,75.25357675654267,48.30607967878463,46.30158823248603,48.45614133062174
